rownames,os.event,os.time,rfs.event,rfs.time,trtgrp,Tumorgrade,MSI,site,stage,BRAF,KRAS
KU008,False,51.186858316221766,True,9.560574948665298,5-FU/FA,G-12,MSS,left,3,wt,wt
SA001,False,71.58932238193019,False,71.58932238193019,FOLFIRI,G-12,MSS,left,3,wt,wt
F6004,False,65.57700205338809,False,65.57700205338809,FOLFIRI,G-12,,left,3,wt,mut
U4024,False,68.79671457905545,False,68.79671457905545,FOLFIRI,G-12,,right,3,wt,mut
A1005,False,70.96509240246407,False,70.96509240246407,5-FU/FA,G-12,MSS,left,3,wt,mut
C2009,True,28.97741273100616,True,16.722792607802873,5-FU/FA,G-12,MSS,right,3,wt,mut
EH011,False,67.38398357289527,False,67.38398357289527,FOLFIRI,G-34,MSS,left,3,wt,wt
V0009,False,67.74537987679672,False,67.74537987679672,FOLFIRI,G-12,MSS,right,3,wt,wt
G4003,False,69.45379876796714,False,69.45379876796714,5-FU/FA,G-34,MSS,right,3,mut,wt
K8003,True,16.0,True,7.687885010266941,FOLFIRI,G-34,MSS,left,3,mut,wt
UC032,False,67.15400410677618,False,67.15400410677618,5-FU/FA,G-34,MSS,right,3,mut,wt
U4035,True,25.166324435318277,True,11.104722792607802,5-FU/FA,G-12,MSS,right,3,wt,mut
SA010,True,9.560574948665298,True,6.965092402464066,5-FU/FA,G-12,MSS,left,3,wt,mut
GI003,False,11.958932238193018,False,11.958932238193018,FOLFIRI,G-12,MSS,right,3,wt,wt
I0011,False,69.94661190965093,False,69.94661190965093,FOLFIRI,G-12,MSS,left,3,wt,mut
L3002,False,60.18891170431211,False,60.18891170431211,5-FU/FA,G-12,MSS,right,3,wt,wt
C3502,False,93.86447638603696,False,93.86447638603696,FOLFIRI,G-12,MSS,left,2,wt,wt
O1003,False,72.0164271047228,False,72.0164271047228,5-FU/FA,G-12,MSS,left,3,wt,mut
X6001,True,30.652977412731005,True,25.527720739219713,FOLFIRI,G-34,MSS,left,3,wt,mut
I0524,False,74.11909650924025,False,74.11909650924025,FOLFIRI,G-12,MSS,right,2,wt,wt
BG001,False,71.129363449692,False,71.129363449692,FOLFIRI,G-12,MSS,left,3,wt,wt
FS501,True,57.06776180698152,True,16.13141683778234,FOLFIRI,G-12,MSS,left,2,wt,mut
UF012,True,31.50718685831622,True,18.299794661190965,5-FU/FA,G-34,MSS,left,3,wt,mut
C3013,True,30.357289527720738,True,17.248459958932237,5-FU/FA,G-12,MSS,left,3,wt,mut
T4506,False,68.10677618069815,False,68.10677618069815,FOLFIRI,G-12,MSI-H,right,2,wt,wt
H0511,False,65.347022587269,False,65.347022587269,FOLFIRI,G-12,MSS,left,2,wt,wt
A9001,False,71.5564681724846,False,71.5564681724846,5-FU/FA,G-12,MSS,left,3,wt,wt
T0005,False,81.21560574948666,False,81.21560574948666,FOLFIRI,G-12,MSS,left,3,wt,wt
G5503,False,67.38398357289527,False,67.38398357289527,5-FU/FA,G-12,MSS,right,2,wt,wt
W3007,False,67.08829568788501,True,12.254620123203285,5-FU/FA,G-12,MSS,left,3,wt,mut
A6004,False,76.38603696098562,False,76.38603696098562,5-FU/FA,G-12,MSS,left,3,wt,mut
W1501,True,32.26283367556468,True,28.747433264887064,5-FU/FA,G-12,MSS,right,2,wt,mut
KE002,False,74.31622176591375,False,74.31622176591375,5-FU/FA,G-12,,left,3,wt,wt
O6002,True,37.84804928131417,True,11.53182751540041,5-FU/FA,G-12,MSS,right,3,wt,mut
FJ006,True,47.3429158110883,True,16.657084188911703,5-FU/FA,G-34,,right,3,,
H4013,False,66.2340862422998,False,66.2340862422998,5-FU/FA,G-34,,right,3,,
KB004,False,67.77823408624229,False,67.77823408624229,5-FU/FA,G-12,MSS,left,3,wt,mut
N5001,False,67.84394250513347,True,17.971252566735114,FOLFIRI,G-34,MSS,right,3,wt,wt
RR003,False,65.57700205338809,False,65.57700205338809,FOLFIRI,G-12,,right,3,wt,mut
C3008,True,39.3264887063655,True,39.3264887063655,5-FU/FA,G-12,MSS,left,3,wt,mut
XY007,False,72.9034907597536,False,72.9034907597536,FOLFIRI,G-12,MSS,left,3,wt,mut
RC006,True,59.92607802874743,True,20.238193018480494,5-FU/FA,G-12,MSS,left,3,wt,mut
G2003,True,68.99383983572895,True,68.99383983572895,5-FU/FA,G-12,MSS,right,3,wt,mut
KU011,False,71.35934291581108,False,71.35934291581108,5-FU/FA,G-12,MSS,left,3,wt,mut
S0002,True,47.80287474332649,True,45.1088295687885,FOLFIRI,G-12,,left,3,,
X6006,False,69.65092402464066,False,69.65092402464066,5-FU/FA,G-12,MSS,right,3,wt,mut
SC010,False,66.95687885010267,True,44.12320328542094,5-FU/FA,G-34,MSS,right,3,wt,wt
O1001,False,78.91581108829568,False,78.91581108829568,FOLFIRI,G-12,MSS,left,3,wt,
K8505,True,67.94250513347022,True,27.3347022587269,FOLFIRI,G-12,MSS,right,2,wt,mut
H4011,False,66.2340862422998,False,66.2340862422998,FOLFIRI,G-34,MSS,right,3,wt,
A0006,False,69.51950718685832,False,69.51950718685832,5-FU/FA,G-12,MSS,left,3,wt,wt
T4007,False,61.27310061601643,False,61.27310061601643,5-FU/FA,G-12,,right,3,,
I0516,False,80.39425051334702,True,19.416837782340863,5-FU/FA,G-12,MSS,right,2,wt,wt
A1025,False,69.97946611909651,False,69.97946611909651,FOLFIRI,G-12,MSS,right,3,wt,wt
I0006,True,49.609856262833674,True,18.759753593429156,FOLFIRI,G-34,MSS,left,3,wt,mut
F7010,False,61.37166324435318,False,61.37166324435318,FOLFIRI,G-12,MSS,right,3,wt,wt
GJ501,False,67.90965092402465,True,8.837782340862423,FOLFIRI,G-12,MSS,left,2,wt,wt
F1507,False,65.18275154004107,False,65.18275154004107,5-FU/FA,G-12,MSS,left,2,wt,wt
Z6008,True,20.829568788501028,True,7.359342915811088,5-FU/FA,G-12,MSS,left,3,wt,wt
XY001,False,70.17659137577002,False,70.17659137577002,FOLFIRI,G-12,MSS,left,3,wt,wt
MA003,False,76.05749486652978,False,76.05749486652978,FOLFIRI,G-12,MSS,right,3,wt,wt
SA007,False,75.79466119096509,False,75.79466119096509,FOLFIRI,G-12,MSS,left,3,wt,wt
U3005,False,66.29979466119096,False,66.29979466119096,FOLFIRI,G-12,MSS,left,3,wt,mut
UC510,False,79.40862422997947,False,79.40862422997947,FOLFIRI,G-12,MSS,right,2,wt,wt
H2504,False,89.26488706365502,False,89.26488706365502,5-FU/FA,G-12,MSS,left,2,wt,wt
FF008,True,32.09856262833676,True,10.349075975359343,5-FU/FA,G-12,MSS,left,3,wt,wt
F0501,False,80.03285420944559,False,80.03285420944559,5-FU/FA,G-12,MSS,left,2,wt,wt
A0010,False,68.07392197125257,False,68.07392197125257,FOLFIRI,G-12,MSS,right,3,wt,wt
G2501,True,4.9281314168377826,True,4.9281314168377826,FOLFIRI,G-12,MSS,right,2,wt,mut
GJ001,False,69.05954825462013,False,69.05954825462013,FOLFIRI,G-12,MSS,left,3,wt,wt
KA005,True,28.09034907597536,True,14.42299794661191,5-FU/FA,G-12,MSS,right,3,wt,mut
A8004,True,62.620123203285424,True,28.813141683778234,5-FU/FA,G-34,MSS,left,3,wt,wt
IN002,False,72.34496919917865,False,72.34496919917865,5-FU/FA,G-12,MSS,right,3,wt,wt
UC014,False,68.50102669404518,False,68.50102669404518,FOLFIRI,G-12,MSS,left,3,wt,wt
FF007,False,57.26488706365503,False,57.26488706365503,FOLFIRI,G-12,MSS,left,3,wt,mut
UK002,False,67.87679671457906,False,67.87679671457906,5-FU/FA,G-12,MSS,left,3,wt,wt
H4001,False,77.3388090349076,False,77.3388090349076,5-FU/FA,G-12,MSS,left,3,wt,wt
I0016,False,68.99383983572895,True,25.3305954825462,FOLFIRI,G-12,MSS,left,3,wt,mut
A1013,False,71.0965092402464,False,71.0965092402464,5-FU/FA,G-12,MSS,left,3,wt,mut
H2012,True,57.29774127310061,True,42.841889117043124,5-FU/FA,G-12,MSS,left,3,wt,mut
C3012,False,72.37782340862422,False,72.37782340862422,5-FU/FA,G-12,MSS,left,3,wt,mut
UC004,False,66.13552361396304,False,66.13552361396304,FOLFIRI,G-12,MSS,left,3,wt,wt
I0004,True,35.41683778234086,True,16.197125256673512,FOLFIRI,G-12,MSS,left,3,wt,wt
UC009,False,65.74127310061601,False,65.74127310061601,5-FU/FA,G-12,MSS,left,3,wt,wt
C3007,False,66.62833675564681,True,28.320328542094455,5-FU/FA,G-12,MSS,left,3,wt,wt
B0010,False,67.44969199178645,True,12.944558521560575,FOLFIRI,G-12,MSS,left,3,wt,mut
J1501,False,88.21355236139631,True,48.6570841889117,FOLFIRI,G-12,MSS,left,2,wt,wt
XZ503,True,39.030800821355236,True,21.749486652977414,FOLFIRI,G-12,,right,2,wt,wt
C4010,True,67.31827515400411,True,31.1129363449692,5-FU/FA,G-12,MSS,left,3,wt,wt
UF016,False,66.85831622176592,False,66.85831622176592,5-FU/FA,G-12,MSS,left,3,wt,wt
KP006,False,72.04928131416838,False,72.04928131416838,FOLFIRI,G-12,MSS,left,3,wt,wt
A4003,False,78.16016427104722,False,78.16016427104722,5-FU/FA,G-12,MSS,left,3,wt,mut
IN003,False,70.24229979466119,False,70.24229979466119,FOLFIRI,G-12,MSS,left,3,wt,mut
EH015,False,69.65092402464066,False,69.65092402464066,5-FU/FA,G-12,MSS,left,3,wt,wt
KB011,True,39.5564681724846,True,31.802874743326488,FOLFIRI,G-12,MSS,right,3,wt,wt
I2009,False,71.03080082135524,False,71.03080082135524,FOLFIRI,G-12,MSS,right,3,wt,wt
J1005,False,65.80698151950719,True,9.921971252566735,FOLFIRI,G-12,,left,3,,
KB001,False,67.1211498973306,False,67.1211498973306,FOLFIRI,G-12,MSS,left,3,wt,mut
UC028,False,59.564681724846,False,59.564681724846,FOLFIRI,G-12,MSS,left,3,wt,mut
XZ006,True,22.308008213552363,True,6.80082135523614,5-FU/FA,G-12,,left,3,wt,wt
SA006,False,75.69609856262834,False,75.69609856262834,FOLFIRI,G-12,MSS,right,3,wt,wt
SA005,False,68.59958932238193,False,68.59958932238193,FOLFIRI,G-12,MSS,left,3,wt,wt
U2502,True,27.137577002053387,True,15.441478439425051,5-FU/FA,G-12,MSI-H,left,2,wt,mut
FV505,True,52.271047227926076,True,29.437371663244353,5-FU/FA,G-12,MSS,left,2,wt,wt
Z6005,False,66.39835728952772,False,66.39835728952772,FOLFIRI,G-12,,right,3,,
KE502,False,68.10677618069815,False,68.10677618069815,5-FU/FA,G-12,MSS,left,2,wt,wt
R5501,True,11.663244353182751,True,11.663244353182751,5-FU/FA,G-12,MSS,left,2,wt,wt
A1011,False,75.00616016427105,False,75.00616016427105,FOLFIRI,G-12,MSS,left,3,wt,wt
FV503,True,25.921971252566735,True,9.659137577002053,FOLFIRI,G-12,MSS,left,2,wt,mut
VB003,False,63.24435318275154,True,13.568788501026694,5-FU/FA,G-12,MSS,left,3,wt,wt
EH515,False,66.20123203285421,False,66.20123203285421,FOLFIRI,G-12,MSS,left,2,wt,wt
XQ002,True,33.379876796714576,True,9.921971252566735,FOLFIRI,G-12,MSS,left,3,wt,wt
U7003,True,40.14784394250513,True,40.14784394250513,FOLFIRI,G-12,,right,3,,
SA009,False,70.99794661190965,False,70.99794661190965,5-FU/FA,G-12,MSS,left,3,wt,wt
J0004,False,69.71663244353182,False,69.71663244353182,5-FU/FA,G-12,MSS,left,3,wt,wt
Y1006,False,71.9835728952772,True,26.64476386036961,FOLFIRI,G-12,MSS,left,3,wt,wt
L2002,True,20.303901437371664,True,20.303901437371664,FOLFIRI,,MSS,right,3,wt,wt
FH001,False,51.15400410677618,False,51.15400410677618,FOLFIRI,G-12,,left,3,wt,wt
B4003,True,48.98562628336756,True,21.190965092402465,5-FU/FA,G-12,MSS,left,3,wt,wt
LJ004,False,69.28952772073922,False,69.28952772073922,FOLFIRI,G-12,MSS,left,3,wt,wt
L3004,False,67.02258726899385,False,67.02258726899385,5-FU/FA,G-12,MSS,left,3,wt,wt
IN503,False,81.21560574948666,False,81.21560574948666,5-FU/FA,G-12,MSS,left,2,wt,wt
U4028,True,37.38809034907597,True,37.38809034907597,FOLFIRI,G-12,MSS,left,3,wt,wt
BB502,True,64.78850102669405,True,64.78850102669405,FOLFIRI,G-12,MSS,left,2,wt,wt
FW001,False,66.92402464065708,True,19.84394250513347,FOLFIRI,G-12,,left,3,wt,wt
FK001,False,44.616016427104725,False,44.616016427104725,FOLFIRI,G-12,MSS,left,3,wt,wt
A4004,False,69.55236139630391,False,69.55236139630391,FOLFIRI,G-12,,left,3,,
G2002,False,61.86447638603696,False,61.86447638603696,FOLFIRI,G-12,MSS,left,3,wt,wt
UF007,False,67.21971252566735,False,67.21971252566735,FOLFIRI,G-12,MSS,left,3,wt,wt
I0523,False,76.22176591375771,False,76.22176591375771,5-FU/FA,G-12,MSS,left,2,wt,wt
H2020,True,53.48665297741273,True,13.075975359342916,5-FU/FA,G-12,MSS,left,3,wt,wt
U9011,False,65.64271047227926,False,65.64271047227926,FOLFIRI,G-12,MSS,left,3,wt,wt
A4024,False,67.77823408624229,True,23.293634496919918,5-FU/FA,G-12,,left,3,,
U3001,False,65.18275154004107,False,65.18275154004107,FOLFIRI,G-12,MSS,right,3,wt,wt
GB002,False,77.70020533880904,True,13.371663244353183,5-FU/FA,G-12,MSS,left,3,wt,wt
J3005,False,67.31827515400411,False,67.31827515400411,5-FU/FA,G-12,MSS,left,3,wt,wt
Z6501,True,45.24024640657084,True,37.059548254620125,FOLFIRI,G-12,MSS,left,3,wt,wt
H4016,False,65.44558521560575,False,65.44558521560575,FOLFIRI,G-12,MSS,right,3,wt,wt
H2003,False,87.95071868583162,False,87.95071868583162,FOLFIRI,G-12,MSS,left,3,wt,wt
V0001,False,67.74537987679672,False,67.74537987679672,5-FU/FA,G-12,MSS,left,3,wt,mut
H2502,True,34.10266940451746,True,30.29158110882957,FOLFIRI,G-12,MSS,left,2,wt,wt
C0001,True,52.46817248459959,True,12.451745379876797,5-FU/FA,G-12,MSS,left,3,wt,mut
XP006,False,66.95687885010267,False,66.95687885010267,FOLFIRI,G-12,MSS,left,3,wt,mut
Z2001,False,65.18275154004107,False,65.18275154004107,5-FU/FA,G-12,,left,3,wt,mut
IX008,True,24.11498973305955,True,11.498973305954825,FOLFIRI,G-12,MSS,right,3,wt,wt
X1014,True,37.125256673511295,True,16.854209445585216,FOLFIRI,G-12,MSS,right,3,wt,mut
RB001,False,68.10677618069815,False,68.10677618069815,5-FU/FA,G-12,MSS,left,3,wt,mut
RW501,True,70.70225872689939,True,13.963039014373717,FOLFIRI,G-12,MSS,left,2,wt,wt
C3009,False,68.13963039014374,False,68.13963039014374,FOLFIRI,G-12,MSS,left,3,wt,mut
N3006,True,17.93839835728953,True,6.4722792607802875,FOLFIRI,G-12,MSS,left,3,wt,wt
IX003,False,67.90965092402465,False,67.90965092402465,5-FU/FA,G-12,MSS,right,3,wt,wt
KA003,False,63.93429158110883,False,63.93429158110883,FOLFIRI,G-12,MSS,left,3,wt,wt
X6009,False,67.18685831622176,False,67.18685831622176,5-FU/FA,G-12,MSS,right,3,wt,wt
A2005,False,68.36960985626284,False,68.36960985626284,FOLFIRI,G-12,,left,3,wt,wt
H8501,False,79.17864476386038,False,79.17864476386038,FOLFIRI,G-12,MSS,left,2,wt,mut
IN005,True,32.328542094455855,True,14.390143737166325,FOLFIRI,G-12,MSS,right,3,wt,wt
J6004,False,73.56057494866529,False,73.56057494866529,FOLFIRI,G-12,MSS,right,3,wt,mut
AC001,True,9.396303901437372,True,7.425051334702259,5-FU/FA,G-12,MSS,right,3,mut,wt
X6008,False,66.62833675564681,False,66.62833675564681,FOLFIRI,G-12,MSS,left,3,wt,mut
FR503,False,69.71663244353182,True,15.671457905544148,5-FU/FA,G-12,MSS,left,2,wt,wt
C4009,True,36.82956878850103,True,20.59958932238193,FOLFIRI,G-12,MSS,left,3,wt,mut
H8504,True,49.478439425051334,True,49.478439425051334,5-FU/FA,G-12,MSS,left,2,wt,wt
FF503,False,68.10677618069815,False,68.10677618069815,5-FU/FA,G-12,MSS,right,2,wt,mut
C1001,False,66.72689938398358,False,66.72689938398358,5-FU/FA,G-12,MSS,left,3,wt,wt
K4003,False,68.20533880903491,True,12.91170431211499,FOLFIRI,G-12,MSS,left,3,wt,wt
I0033,False,64.13141683778234,True,63.04722792607803,5-FU/FA,G-12,MSS,left,3,wt,mut
GJ004,False,65.83983572895278,False,65.83983572895278,5-FU/FA,G-12,MSS,left,3,wt,wt
UB001,False,66.69404517453799,False,66.69404517453799,FOLFIRI,G-12,MSS,right,3,wt,wt
X6005,False,70.63655030800821,False,70.63655030800821,FOLFIRI,G-12,MSS,left,3,wt,wt
U3011,False,67.05544147843942,False,67.05544147843942,FOLFIRI,G-12,MSS,left,3,wt,wt
F7013,False,65.74127310061601,True,9.166324435318275,5-FU/FA,G-12,MSS,left,3,wt,wt
U3002,False,67.41683778234086,False,67.41683778234086,FOLFIRI,G-12,MSS,left,3,wt,mut
BE003,False,68.79671457905545,False,68.79671457905545,FOLFIRI,G-12,MSS,left,3,wt,wt
KP007,False,71.78644763860369,False,71.78644763860369,FOLFIRI,G-12,MSS,left,3,wt,mut
B6003,True,31.572895277207394,True,13.207392197125257,FOLFIRI,G-12,MSS,left,3,wt,mut
IZ001,False,66.2340862422998,False,66.2340862422998,5-FU/FA,G-12,MSS,left,3,wt,wt
I0525,False,51.383983572895275,True,13.470225872689939,5-FU/FA,G-12,MSS,left,2,wt,mut
RC002,True,34.82546201232033,True,8.804928131416839,FOLFIRI,G-12,MSS,right,3,wt,mut
F1007,False,56.80492813141684,False,56.80492813141684,5-FU/FA,G-12,MSS,left,3,wt,wt
FD005,False,25.75770020533881,False,25.75770020533881,5-FU/FA,G-12,MSS,right,3,wt,wt
A1004,True,35.383983572895275,True,9.856262833675565,FOLFIRI,G-12,MSS,left,3,wt,wt
UF510,False,70.63655030800821,True,24.607802874743328,FOLFIRI,G-12,MSS,right,2,wt,mut
UC514,False,73.13347022587268,False,73.13347022587268,5-FU/FA,G-12,MSS,left,2,wt,wt
XQ501,True,14.061601642710473,True,6.143737166324435,5-FU/FA,G-12,MSS,right,2,wt,mut
F8003,False,67.28542094455852,False,67.28542094455852,5-FU/FA,G-12,MSS,right,3,wt,wt
MA006,False,70.2094455852156,False,70.2094455852156,5-FU/FA,G-12,MSS,left,3,wt,wt
H0007,False,18.33264887063655,False,18.33264887063655,5-FU/FA,G-12,MSS,left,3,wt,wt
C5004,True,32.558521560574945,True,28.123203285420946,FOLFIRI,G-12,MSS,left,3,wt,mut
FN007,False,61.14168377823409,False,61.14168377823409,FOLFIRI,G-12,MSS,left,3,wt,wt
R1506,False,73.46201232032854,False,73.46201232032854,5-FU/FA,G-12,MSS,left,2,wt,wt
H0513,True,13.338809034907598,True,6.997946611909651,5-FU/FA,G-12,MSS,left,2,wt,wt
C3010,False,67.44969199178645,False,67.44969199178645,FOLFIRI,G-12,MSS,left,3,wt,wt
UC020,True,67.38398357289527,True,55.52361396303901,5-FU/FA,G-12,MSS,right,3,wt,wt
RC003,False,71.29363449691992,False,71.29363449691992,5-FU/FA,G-12,MSS,left,3,wt,wt
G2004,False,71.26078028747433,False,71.26078028747433,FOLFIRI,G-12,MSS,left,3,wt,wt
GB003,False,73.75770020533881,False,73.75770020533881,FOLFIRI,G-34,,left,3,,
U3013,True,24.37782340862423,True,23.62217659137577,5-FU/FA,G-12,MSS,left,3,wt,wt
AC501,False,76.64887063655031,False,76.64887063655031,5-FU/FA,G-12,,left,3,,
H0505,False,72.11498973305955,False,72.11498973305955,FOLFIRI,G-12,MSS,left,2,wt,wt
X2001,False,71.35934291581108,False,71.35934291581108,FOLFIRI,G-12,MSS,left,3,wt,wt
KP004,False,71.16221765913758,False,71.16221765913758,5-FU/FA,G-12,MSS,left,3,wt,wt
H0510,False,64.49281314168378,False,64.49281314168378,5-FU/FA,G-12,MSS,right,2,wt,wt
FT004,False,65.57700205338809,True,16.591375770020534,5-FU/FA,G-12,,left,2,,
A8002,False,71.0965092402464,False,71.0965092402464,5-FU/FA,G-12,MSS,left,3,wt,wt
A1014,False,73.7905544147844,False,73.7905544147844,FOLFIRI,G-12,MSS,right,3,wt,wt
A8001,False,65.3141683778234,False,65.3141683778234,FOLFIRI,G-12,MSS,left,3,wt,wt
U9013,False,69.15811088295688,False,69.15811088295688,FOLFIRI,G-12,MSS,right,3,wt,mut
J6001,False,77.93018480492813,False,77.93018480492813,FOLFIRI,G-12,,left,3,,
O7506,False,54.04517453798768,True,20.205338809034906,FOLFIRI,G-12,MSS,left,2,wt,wt
J0005,False,68.17248459958932,False,68.17248459958932,FOLFIRI,G-12,MSS,left,3,wt,mut
J3004,False,68.76386036960986,True,26.4476386036961,FOLFIRI,G-12,MSS,right,3,wt,mut
H0508,True,24.739219712525667,True,24.739219712525667,5-FU/FA,G-12,MSS,left,2,wt,mut
U4032,False,63.605749486652975,False,63.605749486652975,5-FU/FA,G-12,MSS,right,3,wt,mut
C4004,True,16.591375770020534,True,11.663244353182751,FOLFIRI,G-12,MSS,right,3,wt,mut
A0001,False,68.46817248459959,False,68.46817248459959,5-FU/FA,G-12,MSS,left,3,wt,wt
H0006,True,17.018480492813143,True,6.012320328542095,FOLFIRI,G-12,MSS,left,3,wt,wt
X1011,False,67.94250513347022,False,67.94250513347022,FOLFIRI,G-12,MSS,left,3,wt,wt
F7004,True,38.80082135523614,True,17.675564681724847,5-FU/FA,G-12,MSS,left,3,wt,mut
H1008,False,73.26488706365502,False,73.26488706365502,FOLFIRI,G-12,MSS,left,3,wt,wt
FH501,True,18.858316221765914,True,10.874743326488707,FOLFIRI,G-12,MSS,right,2,wt,mut
XI001,False,66.06981519507187,False,66.06981519507187,FOLFIRI,G-12,MSS,left,3,wt,mut
IG508,False,75.00616016427105,False,75.00616016427105,5-FU/FA,G-12,MSS,right,2,wt,mut
EH014,False,60.84599589322382,False,60.84599589322382,5-FU/FA,G-12,MSS,left,3,wt,mut
UC003,True,35.351129363449694,True,4.435318275154004,5-FU/FA,G-12,MSS,right,3,wt,mut
U3009,False,66.26694045174538,False,66.26694045174538,5-FU/FA,G-12,MSS,left,3,wt,mut
U9014,False,70.40657084188912,False,70.40657084188912,5-FU/FA,G-12,MSS,left,3,wt,wt
C3006,False,65.28131416837782,True,7.293634496919918,FOLFIRI,G-12,MSS,left,3,wt,wt
GA007,False,67.81108829568788,False,67.81108829568788,FOLFIRI,G-12,MSS,left,3,wt,wt
XB002,False,50.92402464065709,True,6.702258726899384,5-FU/FA,G-12,MSS,left,3,wt,
UM003,False,66.72689938398358,False,66.72689938398358,5-FU/FA,G-12,MSS,right,3,wt,mut
A4016,False,74.08624229979466,False,74.08624229979466,5-FU/FA,G-12,MSS,right,3,wt,mut
RP003,False,72.96919917864476,False,72.96919917864476,5-FU/FA,G-12,MSS,right,3,wt,wt
GE001,False,72.870636550308,False,72.870636550308,5-FU/FA,G-12,MSS,left,3,wt,mut
H0502,False,86.27515400410678,False,86.27515400410678,FOLFIRI,G-12,MSS,left,2,wt,wt
I0013,False,70.01232032854209,False,70.01232032854209,5-FU/FA,G-12,MSS,left,3,wt,wt
EH004,False,64.06570841889118,False,64.06570841889118,FOLFIRI,G-12,MSS,right,3,wt,wt
G1002,False,75.03901437371663,False,75.03901437371663,FOLFIRI,G-12,MSS,left,3,wt,wt
U2006,True,59.46611909650924,True,27.137577002053387,5-FU/FA,G-12,MSS,left,3,wt,wt
FH502,False,76.05749486652978,False,76.05749486652978,5-FU/FA,G-12,MSS,left,2,wt,mut
H0002,False,87.35934291581108,False,87.35934291581108,5-FU/FA,G-12,MSS,left,3,wt,mut
F7011,True,54.110882956878854,True,30.55441478439425,FOLFIRI,G-12,MSS,left,3,mut,wt
X6002,False,64.13141683778234,True,32.6570841889117,FOLFIRI,G-12,MSS,right,3,wt,mut
EH017,False,65.90554414784394,False,65.90554414784394,FOLFIRI,G-12,,left,3,wt,mut
KE501,False,74.54620123203286,False,74.54620123203286,FOLFIRI,G-12,MSS,right,2,wt,mut
UK501,True,22.143737166324435,True,22.143737166324435,FOLFIRI,G-12,MSS,right,2,wt,mut
X2007,False,70.70225872689939,False,70.70225872689939,5-FU/FA,G-12,MSS,left,3,wt,wt
K4006,False,70.14373716632444,False,70.14373716632444,5-FU/FA,G-12,MSS,left,3,wt,wt
J1004,False,67.67967145790554,True,10.907597535934292,FOLFIRI,G-12,,left,3,wt,
O6501,False,77.50308008213553,True,2.3983572895277208,5-FU/FA,G-12,MSS,left,2,wt,wt
H2007,False,83.44969199178645,False,83.44969199178645,FOLFIRI,G-12,MSS,left,3,wt,wt
G1013,False,67.58110882956879,True,46.521560574948666,5-FU/FA,G-12,MSS,left,3,wt,wt
XY004,False,72.50924024640658,False,72.50924024640658,5-FU/FA,G-12,MSS,left,3,wt,wt
A1002,False,72.57494866529774,False,72.57494866529774,5-FU/FA,G-12,MSS,left,3,wt,wt
FF504,True,37.256673511293634,True,16.164271047227928,FOLFIRI,G-12,MSS,left,2,wt,wt
G1009,True,22.275154004106778,True,19.055441478439427,FOLFIRI,G-12,MSS,right,3,wt,wt
C4002,False,77.83162217659138,False,77.83162217659138,FOLFIRI,G-12,MSS,right,3,wt,mut
B4002,False,68.92813141683779,False,68.92813141683779,5-FU/FA,G-12,MSS,right,3,wt,mut
H4009,False,68.46817248459959,False,68.46817248459959,5-FU/FA,G-12,MSS,left,3,wt,wt
A4009,False,67.81108829568788,False,67.81108829568788,FOLFIRI,G-12,MSS,left,3,wt,mut
H4506,True,50.59548254620123,True,50.59548254620123,FOLFIRI,G-12,MSS,left,2,wt,mut
ID015,False,67.90965092402465,False,67.90965092402465,FOLFIRI,G-12,,right,3,wt,mut
FD003,True,31.737166324435318,True,6.7351129363449695,FOLFIRI,G-12,MSS,left,3,wt,
A4013,False,68.76386036960986,False,68.76386036960986,FOLFIRI,G-12,MSS,left,3,wt,mut
UC027,True,66.52977412731006,True,32.6570841889117,5-FU/FA,G-12,MSS,left,3,wt,wt
RK002,False,66.43121149897331,True,32.427104722792606,FOLFIRI,G-12,MSS,left,3,wt,wt
A8007,False,67.87679671457906,False,67.87679671457906,5-FU/FA,G-12,MSS,left,3,wt,wt
A0005,False,70.73511293634498,False,70.73511293634498,FOLFIRI,G-12,MSS,left,3,wt,wt
O6007,False,67.05544147843942,False,67.05544147843942,FOLFIRI,G-12,MSS,left,3,wt,wt
A4014,True,58.053388090349074,True,58.053388090349074,5-FU/FA,G-12,MSS,left,3,wt,wt
U2011,True,55.35934291581109,True,22.50513347022587,FOLFIRI,G-12,MSS,right,3,wt,wt
KU004,False,71.35934291581108,False,71.35934291581108,FOLFIRI,G-12,MSS,left,3,wt,wt
U3014,False,48.427104722792606,False,48.427104722792606,FOLFIRI,G-12,MSS,left,3,wt,wt
W0008,False,68.46817248459959,False,68.46817248459959,FOLFIRI,G-12,MSS,left,3,wt,mut
SC008,False,66.6611909650924,False,66.6611909650924,5-FU/FA,G-12,MSS,left,3,wt,wt
U1503,False,29.503080082135522,False,29.503080082135522,FOLFIRI,G-12,MSS,left,2,wt,wt
A1003,True,52.86242299794661,True,46.48870636550308,FOLFIRI,G-12,MSS,left,3,wt,wt
H0004,False,45.40451745379877,True,5.683778234086242,FOLFIRI,G-12,MSS,left,3,wt,mut
H4507,False,34.234086242299796,True,33.18275154004107,FOLFIRI,G-12,MSS,left,2,wt,mut
U4015,True,32.0,True,16.32854209445585,5-FU/FA,G-12,MSS,left,3,wt,wt
W3006,False,65.47843942505133,False,65.47843942505133,FOLFIRI,G-12,MSS,right,3,wt,mut
H0009,True,30.55441478439425,True,6.7351129363449695,5-FU/FA,G-12,MSS,left,3,wt,mut
XB001,True,14.390143737166325,True,10.217659137577002,FOLFIRI,G-12,MSS,left,3,wt,mut
X2003,False,69.02669404517454,False,69.02669404517454,5-FU/FA,G-12,MSS,left,3,wt,mut
EH506,False,72.11498973305955,True,13.535934291581109,5-FU/FA,G-12,MSS,right,2,wt,mut
U1501,False,91.79466119096509,False,91.79466119096509,5-FU/FA,G-12,MSS,left,2,wt,mut
XY501,True,37.782340862423,True,21.256673511293634,5-FU/FA,G-12,MSS,left,2,wt,wt
H2016,False,79.08008213552361,False,79.08008213552361,5-FU/FA,G-12,MSS,left,3,wt,wt
FT010,False,62.32443531827516,False,62.32443531827516,FOLFIRI,G-12,MSS,left,3,wt,wt
H1009,True,29.66735112936345,True,18.792607802874745,5-FU/FA,G-12,MSS,right,3,wt,mut
H4010,False,65.67556468172485,False,65.67556468172485,5-FU/FA,G-12,MSS,left,3,wt,wt
ID010,True,24.410677618069816,True,9.921971252566735,FOLFIRI,G-12,MSS,right,3,wt,mut
H1005,False,91.86036960985626,False,91.86036960985626,5-FU/FA,G-12,MSS,left,3,wt,wt
FY004,True,10.316221765913758,True,10.316221765913758,FOLFIRI,G-12,,left,3,wt,wt
C4016,False,63.27720739219713,False,63.27720739219713,FOLFIRI,G-12,MSS,left,3,wt,wt
U2009,False,62.521560574948666,True,23.852156057494867,5-FU/FA,G-12,MSS,left,3,wt,mut
A8005,True,6.04517453798768,True,6.04517453798768,FOLFIRI,G-12,MSS,right,3,wt,wt
R0003,True,56.2135523613963,True,26.28336755646817,5-FU/FA,G-12,MSS,left,3,wt,wt
BE004,False,65.7741273100616,False,65.7741273100616,5-FU/FA,G-12,MSS,left,3,wt,wt
EH012,True,58.31622176591376,True,6.4722792607802875,5-FU/FA,G-12,MSS,left,3,wt,mut
EH013,False,64.36139630390144,False,64.36139630390144,FOLFIRI,G-12,MSS,left,3,wt,mut
R2011,False,66.2340862422998,False,66.2340862422998,5-FU/FA,G-12,MSS,left,3,wt,mut
F1505,False,70.96509240246407,False,70.96509240246407,5-FU/FA,G-12,MSS,left,2,wt,wt
C3510,True,21.815195071868583,True,12.188911704312115,5-FU/FA,G-12,MSS,left,2,wt,mut
Z6009,False,67.41683778234086,False,67.41683778234086,FOLFIRI,G-12,,left,3,wt,wt
FT003,False,66.06981519507187,False,66.06981519507187,5-FU/FA,G-12,,left,3,wt,mut
C2505,True,38.340862422997944,True,20.205338809034906,FOLFIRI,G-12,MSS,left,2,wt,wt
UK004,False,61.17453798767967,False,61.17453798767967,5-FU/FA,G-12,MSS,left,3,wt,wt
AB002,False,69.42094455852155,False,69.42094455852155,FOLFIRI,G-12,MSS,right,3,wt,wt
C5001,False,65.37987679671458,False,65.37987679671458,FOLFIRI,G-12,MSS,right,3,wt,wt
C4008,True,10.184804928131417,True,10.184804928131417,FOLFIRI,G-12,MSS,right,3,wt,mut
A8008,False,67.18685831622176,False,67.18685831622176,5-FU/FA,G-12,MSS,right,3,wt,mut
A6007,True,24.542094455852155,True,11.991786447638603,5-FU/FA,G-12,MSS,left,3,wt,wt
MD001,False,72.04928131416838,False,72.04928131416838,5-FU/FA,G-12,MSS,right,3,wt,wt
R2004,False,82.36550308008214,False,82.36550308008214,5-FU/FA,G-12,MSS,left,3,wt,wt
J0006,False,72.77207392197126,False,72.77207392197126,FOLFIRI,G-12,MSS,left,3,wt,wt
UF505,False,74.11909650924025,False,74.11909650924025,FOLFIRI,G-12,MSS,left,2,wt,wt
J5503,True,16.75564681724846,True,4.6652977412731005,5-FU/FA,G-12,,left,2,,
V3003,False,64.72279260780287,False,64.72279260780287,5-FU/FA,G-12,MSS,left,3,wt,mut
Z3006,True,21.683778234086244,True,21.683778234086244,FOLFIRI,G-12,MSS,right,3,wt,wt
C3506,False,79.93429158110882,True,57.95482546201232,5-FU/FA,G-12,MSS,left,2,wt,wt
C3514,False,65.347022587269,True,13.765913757700206,5-FU/FA,G-12,MSS,left,2,wt,mut
C1003,True,27.039014373716633,True,15.375770020533881,FOLFIRI,G-12,MSS,left,3,wt,mut
KB007,False,71.32648870636551,False,71.32648870636551,FOLFIRI,G-12,,right,3,,
Z2005,False,66.06981519507187,False,66.06981519507187,5-FU/FA,G-12,MSS,left,3,wt,wt
X4001,True,37.42094455852156,True,14.35728952772074,FOLFIRI,G-12,MSS,left,3,wt,mut
C5003,True,39.72073921971253,True,39.72073921971253,5-FU/FA,G-12,MSS,left,3,wt,mut
G1008,True,20.960985626283367,True,12.02464065708419,FOLFIRI,G-12,MSS,right,3,wt,mut
H4014,False,66.89117043121149,False,66.89117043121149,FOLFIRI,G-12,MSI-H,left,3,wt,wt
H0003,False,90.64476386036961,True,25.691991786447637,5-FU/FA,G-12,MSS,left,3,wt,mut
X8504,False,74.25051334702259,False,74.25051334702259,FOLFIRI,G-12,MSS,right,2,wt,wt
A4012,True,19.351129363449694,True,9.462012320328542,FOLFIRI,G-12,MSS,left,3,mut,wt
L3001,False,67.90965092402465,False,67.90965092402465,5-FU/FA,G-12,,left,3,,
EF005,False,65.28131416837782,False,65.28131416837782,5-FU/FA,G-12,MSS,right,3,wt,mut
IG013,False,70.53798767967146,False,70.53798767967146,FOLFIRI,G-12,MSS,left,3,wt,mut
UF009,True,13.831622176591376,True,4.829568788501026,5-FU/FA,G-12,MSS,left,3,mut,wt
EH512,True,6.669404517453799,True,4.435318275154004,FOLFIRI,G-12,MSS,left,2,mut,wt
B4001,False,78.652977412731,True,12.91170431211499,FOLFIRI,G-12,MSI-H,right,3,wt,wt
H2015,False,69.71663244353182,False,69.71663244353182,FOLFIRI,G-12,MSI-H,right,3,wt,mut
XB502,True,38.012320328542096,True,38.012320328542096,FOLFIRI,G-12,MSS,right,2,mut,wt
J3006,True,51.186858316221766,True,26.51334702258727,FOLFIRI,G-12,MSS,right,3,wt,mut
UH004,False,75.43326488706366,True,66.20123203285421,5-FU/FA,G-12,MSS,right,3,wt,mut
A4008,True,20.238193018480494,True,10.677618069815194,5-FU/FA,G-12,MSS,right,3,wt,wt
IH002,False,71.32648870636551,True,64.16427104722793,FOLFIRI,G-12,MSS,right,3,wt,mut
A1023,True,50.92402464065709,True,43.13757700205339,5-FU/FA,G-12,MSS,right,3,wt,mut
FJ005,False,62.35728952772074,False,62.35728952772074,FOLFIRI,G-34,,left,3,wt,wt
IG007,True,59.43326488706366,True,59.43326488706366,5-FU/FA,G-12,MSS,left,3,wt,mut
C4003,True,28.254620123203285,True,2.0369609856262834,5-FU/FA,G-12,MSS,right,3,wt,wt
RH005,False,70.47227926078028,True,40.54209445585216,FOLFIRI,G-12,MSS,right,3,wt,mut
EH016,False,66.46406570841889,False,66.46406570841889,FOLFIRI,G-12,,left,3,wt,wt
A4017,False,73.65913757700206,True,49.215605749486656,FOLFIRI,G-12,MSS,left,3,wt,wt
EI005,False,74.71047227926078,False,74.71047227926078,5-FU/FA,G-12,MSS,left,3,wt,wt
H1001,False,78.19301848049281,False,78.19301848049281,FOLFIRI,G-12,MSS,right,3,wt,mut
KA002,False,72.24640657084188,False,72.24640657084188,5-FU/FA,G-12,MSS,left,3,wt,mut
X8001,False,76.78028747433265,False,76.78028747433265,5-FU/FA,G-12,MSS,right,3,wt,wt
UC001,False,69.28952772073922,True,40.27926078028747,5-FU/FA,G-12,MSS,left,3,wt,mut
I0025,False,70.2094455852156,False,70.2094455852156,FOLFIRI,G-12,MSS,right,3,wt,mut
IN001,False,68.40246406570841,False,68.40246406570841,FOLFIRI,G-12,MSS,left,3,wt,mut
F8002,False,68.13963039014374,False,68.13963039014374,FOLFIRI,G-12,MSS,right,3,wt,wt
U2501,False,33.93839835728953,False,33.93839835728953,FOLFIRI,G-12,MSS,right,2,wt,mut
U3006,True,19.21971252566735,True,10.710472279260781,5-FU/FA,G-12,MSS,right,3,wt,wt
EH510,False,44.94455852156057,False,44.94455852156057,FOLFIRI,G-12,MSS,left,2,wt,mut
BC002,False,68.36960985626284,False,68.36960985626284,FOLFIRI,,MSS,left,3,,wt
F7006,False,71.52361396303901,False,71.52361396303901,FOLFIRI,G-12,MSS,left,3,wt,wt
J1006,False,66.95687885010267,False,66.95687885010267,5-FU/FA,G-12,MSS,right,3,wt,wt
F7502,False,73.7905544147844,False,73.7905544147844,5-FU/FA,G-12,MSI-H,right,2,wt,wt
BC001,False,71.129363449692,False,71.129363449692,5-FU/FA,G-12,,right,3,wt,wt
SC006,True,7.227926078028747,True,7.227926078028747,FOLFIRI,G-12,MSS,right,3,wt,mut
J5002,True,62.09445585215606,True,62.09445585215606,5-FU/FA,G-34,,left,3,,
FT008,False,64.4599589322382,False,64.4599589322382,5-FU/FA,G-12,MSS,right,3,wt,mut
X1015,False,67.74537987679672,False,67.74537987679672,5-FU/FA,G-12,MSS,right,3,wt,wt
I2008,False,70.17659137577002,False,70.17659137577002,FOLFIRI,G-12,,left,3,,
XY003,False,71.22792607802874,False,71.22792607802874,5-FU/FA,G-12,MSS,right,3,mut,wt
T0007,False,72.77207392197126,False,72.77207392197126,5-FU/FA,G-12,MSI-H,right,3,wt,wt
EF001,False,71.19507186858316,False,71.19507186858316,FOLFIRI,G-12,MSS,left,3,wt,wt
H4007,False,73.13347022587268,False,73.13347022587268,FOLFIRI,G-12,MSS,left,3,wt,wt
F7007,False,71.32648870636551,False,71.32648870636551,FOLFIRI,G-12,MSS,left,3,wt,wt
A1018,True,21.650924024640656,True,2.2669404517453797,FOLFIRI,G-12,MSS,right,3,wt,wt
UJ001,False,69.25667351129364,False,69.25667351129364,FOLFIRI,G-12,MSS,left,3,wt,mut
UC006,False,67.02258726899385,False,67.02258726899385,FOLFIRI,G-12,MSS,left,3,wt,wt
C5002,False,63.96714579055441,False,63.96714579055441,5-FU/FA,G-12,MSS,right,3,wt,mut
B2001,False,67.02258726899385,False,67.02258726899385,FOLFIRI,G-12,MSS,left,3,wt,mut
A1007,True,36.271047227926076,True,9.790554414784394,5-FU/FA,G-12,MSS,left,3,wt,wt
XY005,False,65.90554414784394,False,65.90554414784394,5-FU/FA,G-12,MSS,left,3,wt,wt
AA003,False,65.67556468172485,False,65.67556468172485,5-FU/FA,G-12,MSS,left,3,wt,mut
KB006,False,68.30390143737166,False,68.30390143737166,FOLFIRI,G-12,MSS,left,3,wt,wt
J3008,False,68.79671457905545,True,12.2217659137577,5-FU/FA,G-12,MSS,left,3,wt,wt
C1002,False,68.56673511293634,False,68.56673511293634,5-FU/FA,G-12,MSS,left,3,wt,wt
C1004,False,69.19096509240246,False,69.19096509240246,FOLFIRI,G-12,MSS,left,3,wt,wt
IX007,False,71.35934291581108,True,7.096509240246407,FOLFIRI,G-12,MSS,left,3,wt,wt
UC019,True,20.632443531827516,True,13.503080082135524,FOLFIRI,G-12,MSS,right,3,wt,mut
Y1001,False,68.53388090349075,False,68.53388090349075,5-FU/FA,G-12,MSS,right,3,wt,mut
I0031,False,68.86242299794661,False,68.86242299794661,FOLFIRI,G-12,MSS,left,3,wt,wt
Y1504,False,72.96919917864476,False,72.96919917864476,FOLFIRI,G-12,MSS,left,2,wt,mut
B6005,False,61.60164271047228,True,7.655030800821355,FOLFIRI,G-12,MSS,left,3,wt,wt
J0503,False,91.46611909650925,False,91.46611909650925,FOLFIRI,G-12,MSS,left,2,wt,wt
KU010,True,39.12936344969199,True,39.12936344969199,FOLFIRI,G-12,MSS,left,3,wt,wt
K4002,False,67.48254620123203,False,67.48254620123203,5-FU/FA,G-12,MSS,left,3,wt,wt
RC005,False,66.43121149897331,False,66.43121149897331,FOLFIRI,G-12,MSS,right,3,wt,wt
H8505,False,64.49281314168378,True,23.753593429158112,FOLFIRI,G-12,MSS,left,2,wt,wt
EI001,False,78.94866529774127,False,78.94866529774127,FOLFIRI,G-12,MSS,right,3,wt,mut
U7002,False,64.8870636550308,False,64.8870636550308,5-FU/FA,,MSS,right,3,wt,wt
FE001,False,62.12731006160164,False,62.12731006160164,5-FU/FA,G-12,MSS,right,3,wt,mut
H8007,False,61.14168377823409,False,61.14168377823409,5-FU/FA,G-12,MSS,left,3,wt,wt
A4021,False,71.65503080082135,False,71.65503080082135,5-FU/FA,G-12,MSS,left,3,wt,wt
C4006,False,74.54620123203286,False,74.54620123203286,FOLFIRI,G-12,MSS,left,3,wt,wt
UF020,False,69.45379876796714,False,69.45379876796714,5-FU/FA,G-12,MSS,left,3,wt,wt
KP005,False,69.45379876796714,True,14.291581108829568,FOLFIRI,G-12,MSS,left,3,wt,mut
X2004,False,70.07802874743327,False,70.07802874743327,5-FU/FA,G-12,MSS,right,3,wt,mut
A8006,False,68.33675564681725,True,52.53388090349076,5-FU/FA,G-12,MSS,left,3,wt,wt
H4505,False,65.47843942505133,False,65.47843942505133,5-FU/FA,G-12,MSS,left,2,wt,wt
AC502,False,72.41067761806981,False,72.41067761806981,FOLFIRI,G-12,MSS,left,2,wt,mut
L0003,False,66.10266940451746,False,66.10266940451746,FOLFIRI,G-12,MSS,right,3,wt,wt
B5005,False,66.6611909650924,True,30.258726899383984,FOLFIRI,G-12,MSS,right,3,wt,wt
EI008,False,67.74537987679672,False,67.74537987679672,5-FU/FA,G-12,,right,3,,
FF009,False,66.59548254620123,False,66.59548254620123,FOLFIRI,G-12,MSS,left,3,wt,wt
KB003,False,80.39425051334702,False,80.39425051334702,FOLFIRI,G-12,MSS,right,3,wt,wt
UC007,False,66.2340862422998,False,66.2340862422998,5-FU/FA,G-12,MSS,left,3,wt,mut
XQ001,True,20.238193018480494,True,16.919917864476385,5-FU/FA,G-12,MSS,left,3,wt,wt
RH002,False,66.20123203285421,True,26.28336755646817,5-FU/FA,G-12,MSS,left,3,wt,wt
FT009,False,68.10677618069815,False,68.10677618069815,FOLFIRI,G-12,MSS,left,3,wt,wt
XQ003,True,38.63655030800821,True,8.147843942505133,5-FU/FA,,,left,3,,
N3007,False,66.16837782340862,False,66.16837782340862,FOLFIRI,G-12,MSS,right,3,wt,wt
GU005,False,71.75359342915812,False,71.75359342915812,5-FU/FA,G-12,MSS,left,3,wt,mut
J0007,False,66.49691991786447,False,66.49691991786447,5-FU/FA,G-12,MSS,right,3,wt,wt
A4006,True,53.71663244353183,True,11.268993839835728,5-FU/FA,G-12,MSS,left,3,wt,mut
U3003,True,33.379876796714576,True,10.349075975359343,5-FU/FA,G-12,MSS,left,3,wt,mut
RF001,False,66.62833675564681,False,66.62833675564681,5-FU/FA,G-12,MSS,right,3,wt,mut
C5005,False,66.06981519507187,False,66.06981519507187,5-FU/FA,G-12,MSS,left,3,wt,wt
C2501,False,86.83367556468173,False,86.83367556468173,5-FU/FA,G-12,MSS,left,2,wt,wt
A2007,True,64.52566735112936,True,36.69815195071869,5-FU/FA,G-12,MSS,left,3,wt,mut
FT005,False,64.59137577002053,False,64.59137577002053,5-FU/FA,G-12,MSS,left,3,wt,wt
U9010,False,67.28542094455852,False,67.28542094455852,5-FU/FA,G-12,MSS,left,3,wt,wt
I2011,False,66.79260780287474,False,66.79260780287474,5-FU/FA,G-12,MSS,left,3,wt,wt
KZ501,False,75.9917864476386,False,75.9917864476386,FOLFIRI,G-12,MSS,right,2,wt,mut
XZ005,False,70.80082135523614,False,70.80082135523614,5-FU/FA,G-12,MSS,left,3,wt,mut
FJ001,False,68.20533880903491,False,68.20533880903491,FOLFIRI,G-12,MSS,left,3,wt,wt
IH001,True,51.5482546201232,True,28.681724845995895,5-FU/FA,G-12,MSS,left,3,wt,mut
A1008,False,71.68788501026694,False,71.68788501026694,FOLFIRI,G-12,MSS,left,3,wt,mut
U3012,True,65.60985626283367,True,46.85010266940452,5-FU/FA,G-12,MSS,right,3,wt,mut
IG009,False,72.04928131416838,True,20.468172484599588,FOLFIRI,G-12,MSS,right,3,wt,mut
U4001,False,66.72689938398358,False,66.72689938398358,FOLFIRI,G-12,MSS,right,3,wt,mut
W0001,False,66.29979466119096,False,66.29979466119096,FOLFIRI,G-12,MSS,right,3,wt,wt
IH004,False,69.48665297741273,False,69.48665297741273,FOLFIRI,G-12,MSS,left,3,wt,mut
XZ004,True,28.78028747433265,True,8.049281314168377,FOLFIRI,G-12,MSS,left,3,wt,mut
FV001,True,66.00410677618069,True,21.880903490759753,FOLFIRI,G-12,MSS,left,3,wt,mut
R2013,True,43.728952772073924,True,34.03696098562629,FOLFIRI,G-12,MSS,left,3,wt,mut
X8503,True,24.50924024640657,True,24.50924024640657,5-FU/FA,G-12,MSS,left,2,wt,mut
A2008,False,65.08418891170432,False,65.08418891170432,FOLFIRI,G-12,MSS,right,3,wt,mut
A2006,True,60.2217659137577,True,10.349075975359343,5-FU/FA,G-12,MSS,left,3,wt,mut
X4005,True,42.57905544147844,True,16.13141683778234,FOLFIRI,G-12,MSS,right,3,wt,mut
EI006,False,73.92197125256673,False,73.92197125256673,FOLFIRI,G-12,MSS,right,3,wt,wt
A6002,False,72.77207392197126,False,72.77207392197126,FOLFIRI,G-12,MSS,right,3,wt,mut
UF019,False,61.40451745379877,False,61.40451745379877,5-FU/FA,G-12,MSS,left,3,wt,mut
X4006,False,72.37782340862422,False,72.37782340862422,FOLFIRI,G-12,MSS,left,3,wt,mut
H0005,False,89.26488706365502,False,89.26488706365502,FOLFIRI,G-12,MSS,left,3,wt,mut
B2004,False,65.24845995893224,False,65.24845995893224,FOLFIRI,G-12,MSS,left,3,wt,mut
US002,False,64.65708418891171,True,31.638603696098563,FOLFIRI,G-12,MSS,left,3,wt,wt
UC023,False,65.90554414784394,True,34.496919917864474,FOLFIRI,G-12,MSS,left,3,wt,wt
XY006,False,64.8870636550308,False,64.8870636550308,FOLFIRI,G-12,MSS,left,3,wt,mut
U3010,False,64.98562628336755,False,64.98562628336755,FOLFIRI,G-12,MSS,left,3,wt,wt
A6008,False,69.02669404517454,True,67.5482546201232,FOLFIRI,G-12,MSS,right,3,wt,mut
K8006,False,70.6694045174538,False,70.6694045174538,FOLFIRI,G-12,MSS,left,3,wt,mut
T4006,False,70.43942505133471,False,70.43942505133471,5-FU/FA,G-12,MSS,right,3,wt,mut
U3004,True,30.94866529774127,True,17.7741273100616,5-FU/FA,G-12,MSS,left,3,wt,mut
L2003,False,66.10266940451746,False,66.10266940451746,FOLFIRI,G-12,,right,3,,
MD002,True,71.129363449692,True,41.19917864476386,5-FU/FA,G-12,MSS,right,3,wt,wt
ID001,False,82.6611909650924,True,42.34907597535934,5-FU/FA,G-12,MSS,left,3,wt,wt
K8007,True,66.56262833675565,True,16.722792607802873,FOLFIRI,G-12,MSS,left,3,wt,wt
H8008,True,27.006160164271048,True,27.006160164271048,5-FU/FA,G-12,MSS,left,3,wt,wt
A1019,False,72.96919917864476,False,72.96919917864476,5-FU/FA,G-12,MSS,left,3,wt,wt
I0502,False,95.96714579055441,False,95.96714579055441,FOLFIRI,G-12,MSS,right,2,wt,wt
U9008,True,3.252566735112936,True,2.4969199178644765,FOLFIRI,G-12,,right,3,,
XZ508,False,71.58932238193019,False,71.58932238193019,5-FU/FA,G-12,MSS,right,2,wt,mut
UF006,False,68.04106776180699,False,68.04106776180699,FOLFIRI,G-12,MSI-H,left,3,wt,wt
X4002,False,67.90965092402465,False,67.90965092402465,5-FU/FA,G-34,MSS,left,3,wt,wt
U2002,False,67.48254620123203,False,67.48254620123203,5-FU/FA,G-34,,left,3,,
T4003,False,80.4599589322382,False,80.4599589322382,FOLFIRI,G-12,MSS,right,3,wt,wt
UF014,False,72.70636550308008,False,72.70636550308008,FOLFIRI,G-12,MSS,left,3,wt,wt
I0022,False,68.86242299794661,False,68.86242299794661,FOLFIRI,G-12,MSS,left,3,wt,mut
KU002,False,66.49691991786447,False,66.49691991786447,5-FU/FA,G-12,MSS,left,3,wt,wt
FJ501,True,57.26488706365503,True,42.217659137577,5-FU/FA,G-12,MSS,left,2,wt,mut
Z6004,False,69.68377823408625,False,69.68377823408625,5-FU/FA,G-12,MSS,right,3,mut,wt
G5006,False,67.61396303901438,True,28.484599589322382,FOLFIRI,G-12,MSS,left,3,wt,wt
F8004,True,34.20123203285421,True,11.893223819301848,5-FU/FA,G-12,MSS,left,3,wt,wt
I0005,True,63.83572895277207,True,13.305954825462011,5-FU/FA,G-12,MSS,left,3,wt,wt
UC025,False,66.13552361396304,False,66.13552361396304,5-FU/FA,G-12,MSS,left,3,wt,wt
B6002,True,69.55236139630391,True,31.17864476386037,5-FU/FA,G-12,,left,3,,
A1020,False,68.56673511293634,False,68.56673511293634,FOLFIRI,G-12,MSS,left,3,wt,mut
R2010,False,68.07392197125257,False,68.07392197125257,5-FU/FA,G-12,MSS,left,3,wt,wt
F7506,True,22.406570841889117,True,22.406570841889117,FOLFIRI,G-12,MSS,left,2,wt,wt
IG010,False,68.10677618069815,False,68.10677618069815,5-FU/FA,G-12,MSS,left,3,wt,mut
K4004,False,68.53388090349075,False,68.53388090349075,FOLFIRI,G-12,MSS,right,3,wt,wt
F7009,True,42.053388090349074,True,2.5626283367556466,5-FU/FA,G-12,MSS,left,3,wt,wt
EN002,False,64.36139630390144,False,64.36139630390144,FOLFIRI,G-12,MSS,left,3,wt,wt
A4010,True,50.39835728952772,True,21.880903490759753,FOLFIRI,G-12,MSS,left,3,wt,wt
Z6002,False,66.98973305954826,False,66.98973305954826,FOLFIRI,G-12,,left,3,wt,wt
B0005,False,68.13963039014374,True,13.240246406570842,5-FU/FA,G-12,MSS,left,3,wt,wt
G1011,False,66.52977412731006,True,13.897330595482547,5-FU/FA,G-34,MSS,left,3,wt,wt
G5003,False,66.36550308008214,False,66.36550308008214,5-FU/FA,G-34,MSS,left,3,wt,wt
X2006,False,73.7905544147844,False,73.7905544147844,5-FU/FA,G-12,MSS,left,3,wt,mut
UC021,True,7.950718685831622,True,5.158110882956879,FOLFIRI,G-12,,left,3,wt,wt
C4015,True,38.37371663244353,True,12.451745379876797,5-FU/FA,G-12,MSS,left,3,,wt
A1009,False,77.14168377823408,False,77.14168377823408,FOLFIRI,G-12,MSS,left,3,wt,wt
T0001,True,16.689938398357288,True,1.215605749486653,5-FU/FA,G-34,MSS,right,3,wt,mut
BE005,False,68.53388090349075,False,68.53388090349075,FOLFIRI,G-12,MSS,right,3,wt,mut
L3005,False,69.42094455852155,False,69.42094455852155,FOLFIRI,G-12,MSS,right,3,wt,mut
V3004,False,67.25256673511294,False,67.25256673511294,FOLFIRI,G-12,,left,3,wt,wt
X1010,True,33.347022587268995,True,14.817248459958932,FOLFIRI,G-12,MSS,right,3,mut,wt
A4025,False,66.29979466119096,False,66.29979466119096,5-FU/FA,G-12,MSS,left,3,wt,wt
FX001,True,7.983572895277208,True,6.6036960985626285,5-FU/FA,G-12,MSS,right,3,wt,mut
FV002,False,62.91581108829569,False,62.91581108829569,5-FU/FA,G-12,MSS,left,3,wt,mut
FV003,False,69.05954825462013,False,69.05954825462013,5-FU/FA,G-12,MSS,left,3,wt,mut
UF002,False,65.83983572895278,False,65.83983572895278,5-FU/FA,G-12,MSI-H,left,3,wt,wt
UC016,False,67.44969199178645,False,67.44969199178645,5-FU/FA,G-34,MSS,left,3,mut,wt
T0006,False,64.26283367556468,False,64.26283367556468,FOLFIRI,G-12,MSI-H,right,3,wt,wt
R1006,False,70.40657084188912,False,70.40657084188912,5-FU/FA,G-12,MSI-H,right,3,wt,wt
VE001,True,10.184804928131417,True,8.673511293634498,5-FU/FA,G-12,MSI-H,right,3,wt,wt
F1002,False,47.21149897330596,False,47.21149897330596,FOLFIRI,G-12,MSS,right,3,wt,wt
H4017,True,39.063655030800824,True,26.480492813141684,5-FU/FA,G-12,MSS,right,3,mut,wt
F1003,False,64.52566735112936,False,64.52566735112936,FOLFIRI,G-12,MSS,right,3,wt,mut
C2502,False,88.9034907597536,False,88.9034907597536,FOLFIRI,G-12,MSI-H,right,2,mut,wt
KP009,False,69.71663244353182,False,69.71663244353182,FOLFIRI,G-34,MSI-H,right,3,wt,mut
H2017,True,44.747433264887064,True,44.747433264887064,FOLFIRI,G-34,MSI-H,right,3,mut,wt
IG011,True,17.084188911704313,True,9.494866529774127,FOLFIRI,G-12,MSS,right,3,wt,mut
C4011,False,71.129363449692,False,71.129363449692,FOLFIRI,G-12,MSS,right,3,mut,wt
FT007,False,64.4271047227926,False,64.4271047227926,5-FU/FA,G-34,MSS,left,3,wt,wt
U9017,True,16.95277207392197,True,14.028747433264886,FOLFIRI,G-34,MSS,right,3,mut,wt
W0003,False,66.43121149897331,False,66.43121149897331,5-FU/FA,G-12,MSI-H,right,3,wt,wt
K4005,False,67.58110882956879,False,67.58110882956879,FOLFIRI,G-12,MSS,left,3,wt,mut
C4001,True,4.960985626283367,True,2.9897330595482545,5-FU/FA,G-12,MSI-H,right,3,mut,wt
A0003,False,75.17043121149898,False,75.17043121149898,FOLFIRI,G-12,MSS,left,3,mut,wt
H0022,True,35.87679671457906,True,10.677618069815194,FOLFIRI,G-12,MSS,right,3,wt,mut
H0028,True,12.845995893223819,True,8.640657084188911,FOLFIRI,G-34,,right,3,,
A6011,False,65.57700205338809,False,65.57700205338809,5-FU/FA,G-12,MSS,right,3,wt,wt
H0026,False,66.00410677618069,False,66.00410677618069,FOLFIRI,G-34,MSI-H,right,3,wt,wt
UH007,False,68.53388090349075,False,68.53388090349075,FOLFIRI,G-12,MSS,right,3,wt,mut
A1006,True,18.95687885010267,True,16.82135523613963,5-FU/FA,G-12,MSS,right,3,wt,mut
I0001,False,62.652977412731005,False,62.652977412731005,5-FU/FA,G-12,MSS,left,3,mut,wt
Z6003,True,7.917864476386037,True,3.5811088295687883,5-FU/FA,G-12,,right,3,wt,wt
UK001,False,67.41683778234086,False,67.41683778234086,FOLFIRI,G-12,MSI-H,left,3,wt,mut
EI002,False,67.81108829568788,False,67.81108829568788,5-FU/FA,G-34,MSI-H,right,3,wt,mut
GJ002,False,65.14989733059548,False,65.14989733059548,5-FU/FA,G-12,MSI-H,right,3,wt,wt
X8004,True,36.238193018480494,True,15.901437371663244,FOLFIRI,G-12,MSS,left,3,wt,mut
A0012,False,66.85831622176592,False,66.85831622176592,5-FU/FA,G-12,MSI-H,right,3,wt,mut
A6010,True,3.055441478439425,True,3.055441478439425,FOLFIRI,G-12,MSS,right,3,wt,mut
C3507,False,68.96098562628337,True,54.275154004106774,FOLFIRI,G-34,MSS,left,2,wt,wt
X1009,False,69.28952772073922,False,69.28952772073922,5-FU/FA,G-34,,left,3,,
T4507,False,63.14579055441479,False,63.14579055441479,5-FU/FA,G-12,MSI-H,right,2,wt,wt
XQ004,True,28.517453798767967,True,17.281314168377822,FOLFIRI,G-34,MSI-H,right,3,mut,wt
FV007,False,68.59958932238193,False,68.59958932238193,FOLFIRI,G-12,MSI-H,right,3,mut,wt
RP001,False,66.82546201232033,False,66.82546201232033,FOLFIRI,G-12,MSI-H,right,3,wt,mut
I2007,False,68.53388090349075,False,68.53388090349075,5-FU/FA,G-12,MSS,right,3,mut,wt
C2008,False,69.3223819301848,False,69.3223819301848,FOLFIRI,G-12,MSI-H,right,3,wt,wt
I0009,False,67.97535934291581,False,67.97535934291581,FOLFIRI,G-34,MSI-H,left,3,wt,wt
KB005,False,67.08829568788501,False,67.08829568788501,5-FU/FA,G-34,MSI-H,right,3,mut,wt
UC031,True,19.745379876796715,True,7.129363449691992,5-FU/FA,G-34,MSI-H,left,3,wt,wt
B5004,False,61.96303901437371,False,61.96303901437371,5-FU/FA,G-12,MSI-H,right,3,mut,wt
IX005,False,76.91170431211499,False,76.91170431211499,5-FU/FA,G-34,MSI-H,right,3,mut,wt
FU001,False,66.33264887063655,False,66.33264887063655,5-FU/FA,G-34,MSI-H,right,3,wt,wt
B0007,False,76.02464065708419,False,76.02464065708419,5-FU/FA,G-12,MSI-H,left,3,wt,wt
GJ003,False,66.06981519507187,True,48.427104722792606,5-FU/FA,G-12,MSI-H,right,3,wt,wt
RF002,False,77.20739219712526,False,77.20739219712526,5-FU/FA,G-12,MSI-H,left,3,wt,mut
BB001,False,66.56262833675565,False,66.56262833675565,FOLFIRI,G-34,MSI-H,right,3,wt,wt
FT001,False,69.3223819301848,False,69.3223819301848,FOLFIRI,G-34,,right,3,wt,wt
A0007,False,73.36344969199179,False,73.36344969199179,5-FU/FA,G-12,MSI-H,right,3,wt,mut
C4017,False,67.84394250513347,False,67.84394250513347,5-FU/FA,G-12,,left,3,wt,mut
H0018,False,29.66735112936345,True,12.320328542094456,5-FU/FA,G-34,MSS,left,3,wt,wt
XY008,False,70.63655030800821,False,70.63655030800821,5-FU/FA,G-34,MSI-H,right,3,wt,wt
FA001,False,53.02669404517454,False,53.02669404517454,FOLFIRI,G-12,MSS,left,3,wt,mut
EH513,False,59.17043121149897,False,59.17043121149897,5-FU/FA,G-12,MSI-H,right,2,wt,mut
EH530,False,59.40041067761807,True,15.047227926078028,FOLFIRI,G-12,MSI-H,right,2,mut,wt
Y9001,True,15.638603696098563,True,6.176591375770021,5-FU/FA,G-34,MSS,left,3,wt,mut
K4501,True,32.2299794661191,True,24.739219712525667,FOLFIRI,G-34,MSS,left,2,mut,wt
Y1007,False,68.13963039014374,False,68.13963039014374,5-FU/FA,G-34,MSS,right,3,wt,wt
KP003,False,74.51334702258727,False,74.51334702258727,FOLFIRI,G-12,MSS,right,3,wt,mut
C3005,True,22.04517453798768,True,12.813141683778234,5-FU/FA,G-12,MSS,left,3,wt,mut
RH501,False,72.27926078028747,False,72.27926078028747,FOLFIRI,G-12,MSI-H,right,2,mut,wt
IB002,False,67.84394250513347,False,67.84394250513347,FOLFIRI,G-34,MSI-H,right,3,mut,wt
W1003,True,26.579055441478438,True,14.48870636550308,5-FU/FA,G-12,MSS,right,3,wt,wt
N0001,False,65.64271047227926,False,65.64271047227926,FOLFIRI,G-12,MSI-H,right,3,wt,wt
I0501,False,88.31211498973306,False,88.31211498973306,5-FU/FA,G-34,MSI-H,right,2,mut,wt
M3505,False,68.23819301848049,False,68.23819301848049,5-FU/FA,G-12,MSI-H,right,2,wt,mut
RC001,True,36.6652977412731,True,16.32854209445585,FOLFIRI,G-12,MSS,left,3,wt,mut
T4005,True,20.763860369609855,True,11.53182751540041,FOLFIRI,G-34,MSI-H,left,3,wt,mut
O6008,True,20.73100616016427,True,6.04517453798768,5-FU/FA,G-12,MSS,left,3,wt,mut
K4503,False,74.77618069815195,False,74.77618069815195,5-FU/FA,G-12,MSI-H,right,2,wt,wt
L0002,True,37.74948665297741,True,33.609856262833674,5-FU/FA,G-12,MSS,right,3,wt,mut
UC011,True,10.217659137577002,True,7.687885010266941,FOLFIRI,G-12,MSI-H,right,3,mut,wt
U3501,False,90.05338809034907,False,90.05338809034907,FOLFIRI,G-12,MSI-H,right,2,mut,wt
K8004,False,70.37371663244353,False,70.37371663244353,FOLFIRI,G-12,MSS,left,3,wt,mut
A4020,False,67.35112936344969,False,67.35112936344969,FOLFIRI,G-12,MSI-H,left,3,wt,mut
B0002,False,67.44969199178645,False,67.44969199178645,5-FU/FA,G-12,,left,3,wt,mut
X1013,False,66.95687885010267,False,66.95687885010267,FOLFIRI,G-12,MSS,left,3,wt,mut
UC022,False,66.98973305954826,False,66.98973305954826,FOLFIRI,G-34,MSI-H,right,3,mut,wt
LJ504,False,71.26078028747433,False,71.26078028747433,5-FU/FA,G-34,MSI-H,right,3,mut,wt
Z6007,False,68.50102669404518,False,68.50102669404518,5-FU/FA,G-12,MSI-H,right,3,wt,mut
H0027,False,63.1129363449692,False,63.1129363449692,5-FU/FA,G-12,MSS,right,3,wt,mut
XP504,False,67.1211498973306,False,67.1211498973306,FOLFIRI,G-12,MSI-H,right,2,wt,wt
EH520,False,66.95687885010267,False,66.95687885010267,FOLFIRI,G-12,MSI-H,right,3,wt,wt
A0008,False,67.84394250513347,False,67.84394250513347,FOLFIRI,G-12,MSS,right,3,mut,wt
H4005,False,72.47638603696099,False,72.47638603696099,FOLFIRI,G-12,,left,3,wt,mut
RR002,False,66.39835728952772,False,66.39835728952772,5-FU/FA,G-12,MSS,left,3,wt,wt
UC512,False,78.75154004106776,True,30.48870636550308,FOLFIRI,G-12,MSI-H,right,2,wt,wt
H0025,False,72.04928131416838,False,72.04928131416838,5-FU/FA,G-34,,left,3,wt,wt
XP003,False,41.856262833675565,True,11.827515400410677,FOLFIRI,G-34,MSI-H,right,3,wt,wt
EH503,False,68.69815195071868,False,68.69815195071868,FOLFIRI,G-12,MSI-H,right,2,wt,mut
I0019,False,64.68993839835728,False,64.68993839835728,5-FU/FA,G-12,MSI-H,left,3,wt,mut
A1026,False,66.33264887063655,False,66.33264887063655,5-FU/FA,G-12,MSS,left,3,wt,mut
IG509,False,79.1129363449692,False,79.1129363449692,5-FU/FA,G-12,MSS,left,2,wt,wt
I0034,True,50.06981519507187,True,23.293634496919918,FOLFIRI,G-12,MSI-H,right,3,wt,mut
UC516,False,68.99383983572895,False,68.99383983572895,FOLFIRI,G-12,MSI-H,left,2,wt,wt
H0021,True,11.236139630390143,True,11.236139630390143,FOLFIRI,G-34,MSS,left,3,mut,wt
UC024,True,10.677618069815194,True,6.4722792607802875,5-FU/FA,G-34,MSS,right,3,wt,mut
C5505,True,50.79260780287474,True,8.31211498973306,FOLFIRI,G-12,MSS,left,2,wt,wt
I2012,False,69.28952772073922,False,69.28952772073922,5-FU/FA,G-12,MSS,right,3,wt,mut
C3511,False,72.73921971252567,False,72.73921971252567,FOLFIRI,G-12,MSS,left,2,wt,wt
B6004,False,67.71252566735113,False,67.71252566735113,FOLFIRI,G-12,MSS,right,3,wt,mut
H0024,True,35.48254620123203,True,22.50513347022587,5-FU/FA,G-12,,left,3,wt,mut
FV011,True,42.57905544147844,True,40.016427104722794,FOLFIRI,G-12,MSS,right,3,wt,mut
RH502,False,72.47638603696099,False,72.47638603696099,5-FU/FA,G-12,MSI-H,right,2,mut,wt
UC010,False,66.29979466119096,False,66.29979466119096,5-FU/FA,G-12,MSS,right,3,wt,wt
KE004,False,71.19507186858316,False,71.19507186858316,5-FU/FA,G-12,MSS,left,3,wt,mut
FJ004,True,16.788501026694046,True,6.406570841889117,FOLFIRI,G-12,MSS,left,3,wt,mut
U4018,True,22.373716632443532,True,6.242299794661191,5-FU/FA,G-12,MSS,right,3,wt,mut
UF004,True,29.141683778234086,True,13.075975359342916,FOLFIRI,G-12,MSS,right,3,wt,mut
C3016,False,40.936344969199176,False,40.936344969199176,5-FU/FA,G-12,MSS,right,3,wt,wt
I0008,True,44.15605749486653,True,17.248459958932237,5-FU/FA,G-12,MSS,left,3,wt,mut
J1001,True,24.969199178644764,True,22.570841889117045,FOLFIRI,G-12,MSS,left,3,wt,mut
UV507,False,72.0164271047228,False,72.0164271047228,5-FU/FA,G-12,MSS,left,2,wt,mut
H8502,False,70.01232032854209,False,70.01232032854209,5-FU/FA,G-12,MSI-H,right,2,wt,mut
B0003,False,69.3223819301848,False,69.3223819301848,FOLFIRI,G-12,,right,3,mut,wt
C5502,False,75.36755646817248,False,75.36755646817248,5-FU/FA,G-12,MSI-H,left,2,wt,mut
H2001,False,91.30184804928132,False,91.30184804928132,5-FU/FA,G-12,MSS,left,3,wt,mut
VC002,False,64.4271047227926,True,18.46406570841889,FOLFIRI,G-12,MSS,left,3,wt,mut
X8002,False,72.60780287474333,False,72.60780287474333,FOLFIRI,G-12,MSS,left,3,wt,mut
H8009,True,60.94455852156057,True,20.59958932238193,FOLFIRI,G-12,MSS,left,3,wt,mut
KL003,True,10.874743326488707,True,6.702258726899384,5-FU/FA,G-34,MSI-H,right,3,mut,wt
XP005,False,72.93634496919918,False,72.93634496919918,5-FU/FA,G-12,MSS,left,3,wt,mut
U1004,True,20.008213552361397,True,14.587268993839835,FOLFIRI,G-34,MSS,left,3,wt,mut
R2009,True,41.42915811088296,True,25.100616016427104,5-FU/FA,G-12,MSS,left,3,wt,wt
U9015,False,67.15400410677618,False,67.15400410677618,FOLFIRI,G-12,MSS,left,3,wt,mut
J1504,False,89.10061601642711,True,56.6735112936345,5-FU/FA,G-12,MSS,right,2,wt,mut
G1007,True,41.06776180698152,True,23.68788501026694,FOLFIRI,G-34,,right,3,,
C3011,True,9.527720739219713,True,7.950718685831622,FOLFIRI,G-12,MSS,left,3,wt,wt
UM001,False,68.0082135523614,False,68.0082135523614,FOLFIRI,G-12,MSS,left,3,wt,wt
V3001,False,68.07392197125257,False,68.07392197125257,FOLFIRI,G-34,MSS,left,3,wt,wt
H0008,True,18.20123203285421,True,6.899383983572895,FOLFIRI,G-12,,left,3,,
XZ007,True,27.564681724845997,True,18.496919917864478,FOLFIRI,G-34,MSS,right,3,wt,wt
H2501,True,31.474332648870636,True,25.166324435318277,FOLFIRI,G-12,MSS,right,2,mut,wt
BB501,False,60.05749486652977,True,23.589322381930184,FOLFIRI,G-12,,right,2,,
J0008,False,68.0082135523614,True,10.841889117043122,5-FU/FA,G-12,MSS,right,3,wt,mut
VB004,True,44.51745379876797,True,44.51745379876797,5-FU/FA,G-12,MSS,right,3,mut,wt
SA008,True,20.10677618069815,True,15.375770020533881,5-FU/FA,G-12,MSS,right,3,wt,mut
FT006,False,66.06981519507187,False,66.06981519507187,FOLFIRI,G-12,MSS,left,3,wt,mut
Z3003,True,12.123203285420944,True,10.546201232032855,FOLFIRI,G-34,,right,3,,
A1010,False,71.68788501026694,False,71.68788501026694,5-FU/FA,G-34,MSS,left,3,wt,wt
KU009,True,36.96098562628337,True,30.55441478439425,5-FU/FA,G-34,MSS,right,3,wt,wt
B2003,True,17.971252566735114,True,16.722792607802873,FOLFIRI,G-34,MSS,left,3,wt,wt
ID008,True,21.61806981519507,True,9.659137577002053,FOLFIRI,G-12,MSS,right,3,wt,mut
A2011,True,42.61190965092403,True,38.24229979466119,5-FU/FA,G-12,MSS,right,3,wt,wt
I0023,True,51.383983572895275,True,20.763860369609855,5-FU/FA,G-34,MSI-H,right,3,wt,wt
FN012,False,69.84804928131418,False,69.84804928131418,FOLFIRI,G-34,MSS,left,3,wt,wt
T0004,True,49.51129363449692,True,35.94250513347023,FOLFIRI,G-12,MSS,left,3,wt,wt
Z6010,False,68.23819301848049,False,68.23819301848049,5-FU/FA,G-12,,left,3,,
MA002,False,71.06365503080082,False,71.06365503080082,FOLFIRI,G-12,MSS,left,3,wt,wt
KE003,False,71.52361396303901,False,71.52361396303901,FOLFIRI,G-12,MSI-H,right,3,mut,wt
LJ001,False,68.8952772073922,False,68.8952772073922,5-FU/FA,G-12,MSI-H,right,3,wt,mut
X4003,False,67.5482546201232,False,67.5482546201232,FOLFIRI,G-12,MSS,left,3,wt,wt
RC004,True,10.973305954825461,True,7.195071868583162,5-FU/FA,G-34,MSS,left,3,wt,wt
V1013,True,6.537987679671458,True,1.9055441478439425,FOLFIRI,G-12,MSS,right,3,mut,wt
U3008,False,62.620123203285424,False,62.620123203285424,FOLFIRI,G-12,MSS,right,3,mut,wt
RP004,False,67.84394250513347,False,67.84394250513347,5-FU/FA,G-12,MSS,left,3,wt,wt
Y1002,False,71.03080082135524,True,26.217659137577,FOLFIRI,G-12,MSS,left,3,wt,wt
GD002,False,68.8952772073922,False,68.8952772073922,FOLFIRI,G-12,,right,3,,
K8005,False,73.59342915811088,False,73.59342915811088,5-FU/FA,G-12,MSS,left,3,wt,mut
A9003,True,35.186858316221766,True,22.80082135523614,FOLFIRI,G-34,MSI-H,right,3,wt,wt
KE001,True,38.899383983572896,True,19.055441478439427,FOLFIRI,G-12,MSS,left,3,wt,wt
MA005,False,70.47227926078028,False,70.47227926078028,5-FU/FA,G-12,MSS,right,3,wt,mut
V3006,False,68.20533880903491,False,68.20533880903491,5-FU/FA,G-12,MSS,left,3,wt,wt
W4004,True,30.94866529774127,True,22.17659137577002,5-FU/FA,G-12,MSS,left,3,mut,wt
UH005,False,66.89117043121149,False,66.89117043121149,FOLFIRI,G-12,MSS,right,3,wt,wt
RL001,False,62.25872689938399,False,62.25872689938399,5-FU/FA,G-12,MSS,right,3,wt,mut
H4003,False,65.14989733059548,False,65.14989733059548,FOLFIRI,G-12,MSS,left,3,wt,mut
LJ003,False,71.16221765913758,False,71.16221765913758,FOLFIRI,G-12,MSS,right,3,wt,wt
F1503,False,74.11909650924025,False,74.11909650924025,FOLFIRI,G-12,MSS,left,2,wt,wt
B0006,False,73.59342915811088,False,73.59342915811088,5-FU/FA,G-12,,left,3,wt,wt
R1004,False,38.60369609856263,False,38.60369609856263,5-FU/FA,G-34,MSS,left,3,wt,wt
C2003,False,66.49691991786447,False,66.49691991786447,FOLFIRI,G-12,MSS,left,3,wt,wt
